INSERT INTO reviews (id, match_id, reviewer_id, target_member_id, rating, comment, created_at) VALUES
    (1,  3, 7, 1, 5, '응원 호흡이 정말 잘 맞았어요! 다음에 또 같이 가요',   TIMESTAMP '2026-06-23 21:00:00'),
    (2,  2, 3, 1, 5, '시간 약속도 잘 지키시고 함께 보기 편했어요',           TIMESTAMP '2026-06-24 21:30:00'),
    (3,  1, 3, 1, 4, '대화가 잘 통해서 즐거운 직관이었습니다',               TIMESTAMP '2026-06-25 22:00:00'),
    (4,  3, 2, 1, 5, NULL,                                                   TIMESTAMP '2026-06-26 20:15:00'),
    (5,  2, 5, 1, 5, '경기 내내 텐션이 좋아서 같이 신났어요 ㅎㅎ',            TIMESTAMP '2026-06-28 21:10:00'),
    (6,  1, 4, 1, 3, '무난하게 잘 봤어요',                                   TIMESTAMP '2026-06-30 19:40:00'),
    (7,  3, 3, 1, 5, '배려심이 넘치는 분이라 편하게 다녀왔어요',             TIMESTAMP '2026-07-02 22:20:00'),
    (8,  2, 8, 1, 4, NULL,                                                   TIMESTAMP '2026-07-05 21:05:00'),
    (9,  1, 7, 1, 2, '약속 시간에 조금 늦으셨어요',                          TIMESTAMP '2026-07-08 20:00:00'),
    (10, 3, 2, 1, 5, '또 만나고 싶어요! 최고의 직관 메이트',                 TIMESTAMP '2026-07-10 22:45:00'),
    (11, 2, 4, 6, 5, 'LG 응원 리드가 좋아서 처음부터 끝까지 신났어요',        TIMESTAMP '2026-07-16 22:20:00'),
    (12, 2, 4, 6, 5, '약속 장소 설명도 정확하고 배려가 좋았어요',             TIMESTAMP '2026-07-15 21:30:00'),
    (13, 2, 7, 6, 4, '대화가 편해서 경기 시간이 금방 지나갔어요',             TIMESTAMP '2026-07-14 22:05:00'),
    (14, 1, 3, 6, 5, '응원가도 잘 알려주시고 분위기를 잘 이끌어줬어요',       TIMESTAMP '2026-07-12 21:45:00'),
    (15, 3, 2, 6, 5, NULL,                                                   TIMESTAMP '2026-07-10 22:10:00'),
    (16, 2, 3, 6, 3, '무난하게 같이 보기 좋았어요',                           TIMESTAMP '2026-07-08 20:30:00'),
    (17, 1, 5, 6, 5, '다음 LG 홈경기도 같이 보고 싶어요',                     TIMESTAMP '2026-07-06 22:00:00'),
    (18, 2, 8, 6, 4, '편안한 분위기라 부담 없이 직관했어요',                  TIMESTAMP '2026-07-04 21:25:00'),
    (19, 3, 1, 6, 2, '응원 매너는 좋았지만 약속 시간이 조금 아쉬웠어요',       TIMESTAMP '2026-07-02 20:40:00'),
    (20, 2, 7, 6, 5, '야구 이야기가 잘 통해서 즐거웠어요',                    TIMESTAMP '2026-06-30 22:15:00'),
    (21, 3, 1, 2, 5, '응원단장이라는 닉네임답게 응원 분위기가 최고였어요',     TIMESTAMP '2026-07-13 22:30:00'),
    (22, 1, 3, 2, 5, '시간 약속을 잘 지키고 일정 조율도 빨랐어요',             TIMESTAMP '2026-07-11 21:50:00'),
    (23, 2, 3, 2, 5, '대화가 잘 통해서 처음 만난 느낌이 덜했어요',             TIMESTAMP '2026-07-09 22:05:00'),
    (24, 3, 7, 2, 4, '응원 텐션이 좋아서 같이 보기 즐거웠어요',               TIMESTAMP '2026-07-07 21:35:00'),
    (25, 1, 4, 2, 5, NULL,                                                   TIMESTAMP '2026-07-05 22:00:00'),
    (26, 2, 5, 2, 5, '초보도 편하게 챙겨주는 분이었어요',                     TIMESTAMP '2026-07-03 21:40:00'),
    (27, 3, 3, 2, 4, '편안하게 경기 볼 수 있어서 좋았습니다',                 TIMESTAMP '2026-07-01 20:55:00'),
    (28, 1, 6, 2, 3, '무난한 직관 메이트였어요',                              TIMESTAMP '2026-06-29 21:20:00'),
    (29, 2, 4, 2, 5, '배려심이 있고 응원 스타일도 잘 맞았어요',               TIMESTAMP '2026-06-27 22:10:00'),
    (30, 3, 8, 2, 5, '또 만나고 싶은 직관 메이트예요',                        TIMESTAMP '2026-06-25 21:45:00')
ON CONFLICT (id) DO NOTHING;

INSERT INTO review_tags (review_id, tag) VALUES
    (1,  '또 만나고 싶어요'),
    (1,  '응원 분위기가 좋아요'),
    (2,  '시간 약속을 잘 지켜요'),
    (2,  '편안한 분위기예요'),
    (3,  '대화가 잘 통해요'),
    (4,  '또 만나고 싶어요'),
    (5,  '응원 분위기가 좋아요'),
    (5,  '또 만나고 싶어요'),
    (7,  '배려심이 넘쳐요'),
    (7,  '또 만나고 싶어요'),
    (8,  '대화가 잘 통해요'),
    (8,  '편안한 분위기예요'),
    (10, '또 만나고 싶어요'),
    (10, '대화가 잘 통해요'),
    (10, '응원 분위기가 좋아요'),
    (11, '응원 분위기가 좋아요'),
    (11, '또 만나고 싶어요'),
    (12, '시간 약속을 잘 지켜요'),
    (12, '배려심이 넘쳐요'),
    (13, '대화가 잘 통해요'),
    (14, '응원 분위기가 좋아요'),
    (14, '배려심이 넘쳐요'),
    (15, '또 만나고 싶어요'),
    (17, '또 만나고 싶어요'),
    (17, '응원 분위기가 좋아요'),
    (18, '편안한 분위기예요'),
    (18, '대화가 잘 통해요'),
    (19, '시간 약속을 안 지켰어요'),
    (20, '대화가 잘 통해요'),
    (20, '또 만나고 싶어요'),
    (21, '응원 분위기가 좋아요'),
    (21, '또 만나고 싶어요'),
    (22, '시간 약속을 잘 지켜요'),
    (22, '편안한 분위기예요'),
    (23, '대화가 잘 통해요'),
    (24, '응원 분위기가 좋아요'),
    (25, '또 만나고 싶어요'),
    (26, '배려심이 넘쳐요'),
    (26, '편안한 분위기예요'),
    (27, '편안한 분위기예요'),
    (29, '배려심이 넘쳐요'),
    (29, '응원 분위기가 좋아요'),
    (30, '또 만나고 싶어요'),
    (30, '대화가 잘 통해요')
ON CONFLICT DO NOTHING;

INSERT INTO notifications (id, member_id, application_id, match_id, type, title, body, target_kind, read, created_at) VALUES
    (1, 1, NULL, NULL, 'system', '직며듦에 오신 것을 환영해요!',  '응원하는 경기의 직관 동행을 찾아보세요.',          'findMatch',  TRUE,  CURRENT_TIMESTAMP - INTERVAL '10 days'),
    (2, 4, NULL, NULL, 'system', '직며듦에 오신 것을 환영해요!',  '응원하는 경기의 직관 동행을 찾아보세요.',          'findMatch',  TRUE,  CURRENT_TIMESTAMP - INTERVAL '5 days'),
    (3, 1, 2,    NULL, 'match',  '매칭 후보가 도착했어요!',      '23시간 안에 매칭 결과를 확인해주세요.',             'matchResult', FALSE, TIMESTAMP '2026-06-22 09:30:00'),
    (4, 1, 4,    1,    'chat',   '채팅방이 열렸어요',            '동행자와 경기 전 일정을 조율해보세요.',             'chat',        FALSE, TIMESTAMP '2026-06-22 10:00:00'),
    (5, 1, 7,    2,    'review', '직관 후기를 남겨주세요',       '함께한 동행자에게 후기를 남기면 신뢰도가 올라가요.', 'review',      FALSE, TIMESTAMP '2026-07-16 22:00:00')
ON CONFLICT (id) DO NOTHING;
